ProductRange,ProductGroup,Style,ItemCode,Currency,Price
HAND PROTECTION,Specialist Gloves,A740,A740BKRL,USD,7.6
HAND PROTECTION,Specialist Gloves,A740,A740BKRM,USD,7.6
HAND PROTECTION,Specialist Gloves,A740,A740BKRXL,USD,7.6
HAND PROTECTION,Specialist Gloves,A740,A740NARM,USD,7.6
Eye Protection,Safety Goggles,PW20,PW20CLR,USD,1.4
All Weather,Pants,S451,S451BKRL,USD,17.95
All Weather,Pants,S451,S451BKRM,USD,17.95
All Weather,Pants,S451,S451BKRS,USD,17.95
All Weather,Pants,S451,S451BKRXL,USD,17.95
All Weather,Pants,S451,S451BKRXXL,USD,17.95
All Weather,Pants,S451,S451NAR4XL,USD,17.95
All Weather,Pants,S451,S451NAR5XL,USD,17.95
All Weather,Pants,S451,S451NARL,USD,17.95
All Weather,Pants,S451,S451NARM,USD,17.95
All Weather,Pants,S451,S451NARS,USD,17.95
All Weather,Pants,S451,S451NARXL,USD,17.95
All Weather,Pants,S451,S451NARXXL,USD,17.95
All Weather,Pants,S451,S451NARXXXL,USD,17.95
All Weather,Pants,S451,S451OGRL,USD,17.95
All Weather,Pants,S451,S451OGRM,USD,17.95
All Weather,Pants,S451,S451OGRS,USD,17.95
All Weather,Pants,S451,S451OGRXL,USD,17.95
All Weather,Pants,S451,S451OGRXXL,USD,17.95
All Weather,Pants,S451,S451OGRXXXL,USD,17.95
All Weather,Pants,S451,S451YERL,USD,20.25
All Weather,Pants,S451,S451YERM,USD,20.25
All Weather,Pants,S451,S451YERS,USD,20.25
All Weather,Pants,S451,S451YERXL,USD,20.25
All Weather,Pants,S451,S451YERXXL,USD,20.25
All Weather,Pants,S451,S451YERXXXL,USD,20.25
HAND PROTECTION,Specialist Gloves,A730,A730BKRL,USD,7.4
HAND PROTECTION,Specialist Gloves,A730,A730BKRM,USD,7.4
HAND PROTECTION,Specialist Gloves,A730,A730BKRXL,USD,7.4
All Weather,Bib & Brace,S453,S453NARL,USD,20.95
All Weather,Bib & Brace,S453,S453NARM,USD,20.95
All Weather,Bib & Brace,S453,S453NARXL,USD,20.95
All Weather,Bib & Brace,S453,S453NARXXL,USD,20.95
All Weather,Bib & Brace,S453,S453NARS,USD,20.95
All Weather,Bib & Brace,S453,S453NARXXXL,USD,20.95
High Visibility,Coveralls,S485,S485ONR4XL,USD,58.9
High Visibility,Coveralls,S485,S485ONR5XL,USD,58.9
High Visibility,Coveralls,S485,S485ONR6XL,USD,58.9
High Visibility,Coveralls,S485,S485ONRL,USD,58.9
High Visibility,Coveralls,S485,S485ONRM,USD,58.9
High Visibility,Coveralls,S485,S485ONRS,USD,58.9
High Visibility,Coveralls,S485,S485ONRXL,USD,58.9
High Visibility,Coveralls,S485,S485ONRXXL,USD,58.9
High Visibility,Coveralls,S485,S485ONRXXXL,USD,58.9
High Visibility,Coveralls,S485,S485YBR4XL,USD,58.9
High Visibility,Coveralls,S485,S485YBR5XL,USD,58.9
High Visibility,Coveralls,S485,S485YBR6XL,USD,58.9
High Visibility,Coveralls,S485,S485YBRL,USD,58.9
High Visibility,Coveralls,S485,S485YBRM,USD,58.9
High Visibility,Coveralls,S485,S485YBRS,USD,58.9
High Visibility,Coveralls,S485,S485YBRXL,USD,58.9
High Visibility,Coveralls,S485,S485YBRXXL,USD,58.9
High Visibility,Coveralls,S485,S485YBRXXXL,USD,58.9
High Visibility,Coveralls,S485,S485YNR4XL,USD,58.9
High Visibility,Coveralls,S485,S485YNR5XL,USD,58.9
High Visibility,Coveralls,S485,S485YNR6XL,USD,58.9
High Visibility,Coveralls,S485,S485YNRL,USD,58.9
High Visibility,Coveralls,S485,S485YNRM,USD,58.9
High Visibility,Coveralls,S485,S485YNRS,USD,58.9
High Visibility,Coveralls,S485,S485YNRXL,USD,58.9
High Visibility,Coveralls,S485,S485YNRXS,USD,58.9
High Visibility,Coveralls,S485,S485YNRXXL,USD,58.9
High Visibility,Coveralls,S485,S485YNRXXXL,USD,58.9
High Visibility,Coveralls,S485,S485YBR7XL,USD,58.9
High Visibility,Coveralls,S485,S485YNR7XL,USD,58.9
High Visibility,Bib & Brace,S489,S489ORRL,USD,35.5
High Visibility,Bib & Brace,S489,S489ORRM,USD,35.5
High Visibility,Bib & Brace,S489,S489ORRS,USD,35.5
High Visibility,Bib & Brace,S489,S489ORRXL,USD,35.5
High Visibility,Bib & Brace,S489,S489ORRXXL,USD,35.5
High Visibility,Bib & Brace,S489,S489ORRXXXL,USD,35.5
High Visibility,Bib & Brace,S489,S489YER4XL,USD,35.5
High Visibility,Bib & Brace,S489,S489YERL,USD,35.5
High Visibility,Bib & Brace,S489,S489YERM,USD,35.5
High Visibility,Bib & Brace,S489,S489YERS,USD,35.5
High Visibility,Bib & Brace,S489,S489YERXL,USD,35.5
High Visibility,Bib & Brace,S489,S489YERXS,USD,35.5
High Visibility,Bib & Brace,S489,S489YERXXL,USD,35.5
High Visibility,Bib & Brace,S489,S489YERXXXL,USD,35.5
High Visibility,Bib & Brace,S489,S489YBR4XL,USD,35.5
High Visibility,Bib & Brace,S489,S489YBRL,USD,35.5
High Visibility,Bib & Brace,S489,S489YBRM,USD,35.5
High Visibility,Bib & Brace,S489,S489YBRS,USD,35.5
High Visibility,Bib & Brace,S489,S489YBRXL,USD,35.5
High Visibility,Bib & Brace,S489,S489YBRXXL,USD,35.5
High Visibility,Bib & Brace,S489,S489YBRXXXL,USD,35.5
Workwear,Hazard Protection,ST30,ST30NARL,USD,143
Workwear,Hazard Protection,ST30,ST30NARM,USD,143
Workwear,Hazard Protection,ST30,ST30NARXL,USD,143
Workwear,Hazard Protection,ST30,ST30NARXXL,USD,143
Workwear,Hazard Protection,ST30,ST30NARXXXL,USD,143
Workwear,Hazard Protection,ST30,ST30WHR4XL,USD,135
Workwear,Hazard Protection,ST30,ST30WHRL,USD,135
Workwear,Hazard Protection,ST30,ST30WHRM,USD,135
Workwear,Hazard Protection,ST30,ST30WHRS,USD,135
Workwear,Hazard Protection,ST30,ST30WHRXL,USD,135
Workwear,Hazard Protection,ST30,ST30WHRXXL,USD,135
Workwear,Hazard Protection,ST30,ST30WHRXXXL,USD,135
Eye Protection,Safety Goggles,PW21,PW21CLR,USD,2
All Weather,Pants,S441,S441BKR4XL,USD,6.75
All Weather,Pants,S441,S441BKR5XL,USD,6.75
All Weather,Pants,S441,S441BKR6XL,USD,6.75
All Weather,Pants,S441,S441BKRL,USD,6.75
All Weather,Pants,S441,S441BKRM,USD,6.75
All Weather,Pants,S441,S441BKRS,USD,6.75
All Weather,Pants,S441,S441BKRXL,USD,6.75
All Weather,Pants,S441,S441BKRXS,USD,6.75
All Weather,Pants,S441,S441BKRXXL,USD,6.75
All Weather,Pants,S441,S441BKRXXXL,USD,6.75
All Weather,Pants,S441,S441GRRL,USD,6.75
All Weather,Pants,S441,S441GRRM,USD,6.75
All Weather,Pants,S441,S441GRRS,USD,6.75
All Weather,Pants,S441,S441GRRXL,USD,6.75
All Weather,Pants,S441,S441GRRXXL,USD,6.75
All Weather,Pants,S441,S441NAR4XL,USD,6.75
All Weather,Pants,S441,S441NAR5XL,USD,6.75
All Weather,Pants,S441,S441NAR6XL,USD,6.75
All Weather,Pants,S441,S441NARL,USD,6.75
All Weather,Pants,S441,S441NARM,USD,6.75
All Weather,Pants,S441,S441NARS,USD,6.75
All Weather,Pants,S441,S441NARXL,USD,6.75
All Weather,Pants,S441,S441NARXS,USD,6.75
All Weather,Pants,S441,S441NARXXL,USD,6.75
All Weather,Pants,S441,S441NARXXXL,USD,6.75
All Weather,Pants,S441,S441OGR4XL,USD,6.75
All Weather,Pants,S441,S441OGRL,USD,6.75
All Weather,Pants,S441,S441OGRM,USD,6.75
All Weather,Pants,S441,S441OGRS,USD,6.75
All Weather,Pants,S441,S441OGRXL,USD,6.75
All Weather,Pants,S441,S441OGRXXL,USD,6.75
All Weather,Pants,S441,S441OGRXXXL,USD,6.75
All Weather,Pants,S441,S441ORRL,USD,7
All Weather,Pants,S441,S441ORRM,USD,7
All Weather,Pants,S441,S441ORRS,USD,7
All Weather,Pants,S441,S441ORRXL,USD,7
All Weather,Pants,S441,S441ORRXXL,USD,7
All Weather,Pants,S441,S441ORRXXXL,USD,7
All Weather,Pants,S441,S441YER4XL,USD,7
All Weather,Pants,S441,S441YER5XL,USD,7
All Weather,Pants,S441,S441YER6XL,USD,7
All Weather,Pants,S441,S441YERL,USD,7
All Weather,Pants,S441,S441YERM,USD,7
All Weather,Pants,S441,S441YERS,USD,7
All Weather,Pants,S441,S441YERXL,USD,7
All Weather,Pants,S441,S441YERXXL,USD,7
All Weather,Pants,S441,S441YERXXXL,USD,7
All Weather,Pants,S441,S441BKR7XL,USD,6.75
All Weather,Pants,S441,S441NAR7XL,USD,6.75
All Weather,Pants,S441,S441ORR4XL,USD,7
All Weather,Jackets,S438,S438BKRL,USD,12.95
All Weather,Jackets,S438,S438BKRM,USD,12.95
All Weather,Jackets,S438,S438BKRS,USD,12.95
All Weather,Jackets,S438,S438BKRXL,USD,12.95
All Weather,Jackets,S438,S438BKRXXL,USD,12.95
All Weather,Jackets,S438,S438BKRXXXL,USD,12.95
All Weather,Jackets,S438,S438NAR4XL,USD,12.95
All Weather,Jackets,S438,S438NARL,USD,12.95
All Weather,Jackets,S438,S438NARM,USD,12.95
All Weather,Jackets,S438,S438NARS,USD,12.95
All Weather,Jackets,S438,S438NARXL,USD,12.95
All Weather,Jackets,S438,S438NARXXL,USD,12.95
All Weather,Jackets,S438,S438NARXXXL,USD,12.95
All Weather,Jackets,S438,S438OGRL,USD,12.95
All Weather,Jackets,S438,S438OGRM,USD,12.95
All Weather,Jackets,S438,S438OGRS,USD,12.95
All Weather,Jackets,S438,S438OGRXL,USD,12.95
All Weather,Jackets,S438,S438OGRXXL,USD,12.95
All Weather,Jackets,S438,S438OGRXXXL,USD,12.95
All Weather,Jackets,S438,S438YERL,USD,13.25
All Weather,Jackets,S438,S438YERM,USD,13.25
All Weather,Jackets,S438,S438YERS,USD,13.25
All Weather,Jackets,S438,S438YERXL,USD,13.25
All Weather,Jackets,S438,S438YERXXL,USD,13.25
All Weather,Jackets,S438,S438YERXXXL,USD,13.25
All Weather,Jackets,S438,S438BKR4XL,USD,12.95
Footwear,Boots,FW57,FW57BKR38,USD,59.2
Footwear,Boots,FW57,FW57BKR39,USD,59.2
Footwear,Boots,FW57,FW57BKR40,USD,59.2
Footwear,Boots,FW57,FW57BKR41,USD,59.2
Footwear,Boots,FW57,FW57BKR42,USD,59.2
Footwear,Boots,FW57,FW57BKR43,USD,59.2
Footwear,Boots,FW57,FW57BKR44,USD,59.2
Footwear,Boots,FW57,FW57BKR45,USD,59.2
Footwear,Boots,FW57,FW57BKR46,USD,59.2
Footwear,Boots,FW57,FW57BKR47,USD,59.2
Footwear,Boots,FW57,FW57BKR48,USD,59.2
Footwear,Boots,FW57,FW57BRR38,USD,59.2
Footwear,Boots,FW57,FW57BRR39,USD,59.2
Footwear,Boots,FW57,FW57BRR40,USD,59.2
Footwear,Boots,FW57,FW57BRR41,USD,59.2
Footwear,Boots,FW57,FW57BRR42,USD,59.2
Footwear,Boots,FW57,FW57BRR43,USD,59.2
Footwear,Boots,FW57,FW57BRR44,USD,59.2
Footwear,Boots,FW57,FW57BRR45,USD,59.2
Footwear,Boots,FW57,FW57BRR46,USD,59.2
Footwear,Boots,FW57,FW57BRR47,USD,59.2
Footwear,Boots,FW57,FW57BRR48,USD,59.2
Workwear,Hazard Protection,ST40,ST40WHRL,USD,138
Workwear,Hazard Protection,ST40,ST40WHRM,USD,138
Workwear,Hazard Protection,ST40,ST40WHRS,USD,138
Workwear,Hazard Protection,ST40,ST40WHRXL,USD,138
Workwear,Hazard Protection,ST40,ST40WHRXXL,USD,138
Workwear,Hazard Protection,ST40,ST40WHRXXXL,USD,138
Eye Protection,Safety Spectacles,PW13,PW13CLR,USD,2.15
Eye Protection,Safety Spectacles,PW13,PW13SKR,USD,2.15
Accessories,Luggage,B900,B900BKR,USD,20.35
Accessories,Luggage,B900,B900NAR,USD,20.35
Eye Protection,Safety Spectacles,PW38,PW38BKR,USD,1.55
Eye Protection,Safety Spectacles,PW38,PW38CLR,USD,1.55
Eye Protection,Safety Spectacles,PW38,PW38COR,USD,1.55
Eye Protection,Safety Spectacles,PW38,PW38SOR,USD,1.55
Eye Protection,Safety Spectacles,PW32,PW32BKR,USD,1.15
Eye Protection,Safety Spectacles,PW32,PW32CCL,USD,1.15
Eye Protection,Safety Spectacles,PW32,PW32CLR,USD,1.15
Eye Protection,Safety Spectacles,PW32,PW32COH,USD,1.15
Eye Protection,Safety Spectacles,PW32,PW32MIR,USD,1.35
Eye Protection,Safety Spectacles,PW11,PW11CLR,USD,5.2
Eye Protection,Safety Spectacles,PW11,PW11SKR,USD,5.2
Eye Protection,Safety Spectacles,PW33,PW33AMR,USD,1.1
Eye Protection,Safety Spectacles,PW33,PW33BLU,USD,1.1
Eye Protection,Safety Spectacles,PW33,PW33CLR,USD,1.1
Eye Protection,Safety Spectacles,PW33,PW33SBO,USD,1.1
Accessories,Luggage,B905,B905ORR,USD,31.25
Accessories,Luggage,B905,B905YER,USD,31.25
Respiratory Protection,Disposable Respirators,P200,P200WHR,USD,9.95
Eye Protection,Safety Spectacles,PW14,PW14CLR,USD,2.3
Eye Protection,Safety Spectacles,PW14,PW14SKR,USD,2.3
Eye Protection,Safety Spectacles,PW15,PW15CLR,USD,2
Eye Protection,Safety Spectacles,PW15,PW15SKR,USD,2
Respiratory Protection,Disposable Respirators,P201,P201WHR,USD,6.7
Accessories,Kneepads & Mats,KP05,KP05BKR,USD,2.9
HAND PROTECTION,Specialist Gloves,A790,A790BKRL,USD,9.95
HAND PROTECTION,Specialist Gloves,A790,A790BKRM,USD,9.95
HAND PROTECTION,Specialist Gloves,A790,A790BKRXL,USD,9.95
HAND PROTECTION,Specialist Gloves,A790,A790BKRXXL,USD,9.95
Footwear,Boots,FW63,FW63BKR36,USD,25.2
Footwear,Boots,FW63,FW63BKR37,USD,25.2
Footwear,Boots,FW63,FW63BKR38,USD,25.2
Footwear,Boots,FW63,FW63BKR39,USD,25.2
Footwear,Boots,FW63,FW63BKR40,USD,25.2
Footwear,Boots,FW63,FW63BKR41,USD,25.2
Footwear,Boots,FW63,FW63BKR42,USD,25.2
Footwear,Boots,FW63,FW63BKR43,USD,25.2
Footwear,Boots,FW63,FW63BKR44,USD,25.2
Footwear,Boots,FW63,FW63BKR45,USD,25.2
Footwear,Boots,FW63,FW63BKR46,USD,25.2
Footwear,Boots,FW63,FW63BKR47,USD,25.2
Footwear,Boots,FW63,FW63BKR48,USD,25.2
Accessories,Kneepads & Mats,KP40,KP40BKR,USD,13.35
Accessories,Kneepads & Mats,KP30,KP30BKR,USD,10.25
Accessories,Kneepads & Mats,KP20,KP20BKR,USD,6.7
Accessories,Kneepads & Mats,S156,S156BKR,USD,5.15
Eye Protection,Eye Protection Accessories,PA01,PA01WHR,USD,10.25
Eye Protection,Eye Protection Accessories,PA02,PA02WHR,USD,11.95
Accessories,Knives,KN10,KN10BKR,USD,3.55
Accessories,Knives,KN20,KN20SIR,USD,3.8
Accessories,Knives,KN40,KN40BLU,USD,8.95
HAND PROTECTION,ESD Gloves,A198,A198GRRL,USD,0.75
HAND PROTECTION,ESD Gloves,A198,A198GRRM,USD,0.75
HAND PROTECTION,ESD Gloves,A198,A198GRRS,USD,0.75
HAND PROTECTION,ESD Gloves,A198,A198GRRXL,USD,0.75
HAND PROTECTION,ESD Gloves,A198,A198GRRXS,USD,0.75
HAND PROTECTION,ESD Gloves,A198,A198GRRXXL,USD,0.75
HAND PROTECTION,ESD Gloves,A198,A198GRRXXS,USD,0.75
HAND PROTECTION,ESD Gloves,A198,A198ORRXS,USD,0.75
HAND PROTECTION,Thermal Gloves,A140,A140BKRL,USD,1.95
HAND PROTECTION,Thermal Gloves,A140,A140BKRM,USD,1.95
HAND PROTECTION,Thermal Gloves,A140,A140BKRS,USD,1.95
HAND PROTECTION,Thermal Gloves,A140,A140BKRXL,USD,1.95
HAND PROTECTION,Thermal Gloves,A140,A140BKRXS,USD,1.95
HAND PROTECTION,Thermal Gloves,A140,A140BKRXXL,USD,1.95
HAND PROTECTION,Thermal Gloves,A140,A140E8RL,USD,1.95
HAND PROTECTION,Thermal Gloves,A140,A140E8RM,USD,1.95
HAND PROTECTION,Thermal Gloves,A140,A140E8RXL,USD,1.95
HAND PROTECTION,Thermal Gloves,A140,A140E8RXXL,USD,1.95
HAND PROTECTION,Thermal Gloves,A140,A140K8RL,USD,1.95
HAND PROTECTION,Thermal Gloves,A140,A140K8RM,USD,1.95
HAND PROTECTION,Thermal Gloves,A140,A140K8RXL,USD,1.95
HAND PROTECTION,Thermal Gloves,A140,A140K8RXXL,USD,1.95
HAND PROTECTION,Thermal Gloves,A140,A140ORBL,USD,1.95
HAND PROTECTION,Thermal Gloves,A140,A140ORBM,USD,1.95
HAND PROTECTION,Thermal Gloves,A140,A140ORBXL,USD,1.95
HAND PROTECTION,Thermal Gloves,A140,A140ORBXXL,USD,1.95
Accessories,Knives,KN90,KN90NCR,USD,1.2
Accessories,Knives,KN91,KN91NCR,USD,1.2
Footwear,Shoes,FC64,FC64BKR36,USD,26.95
Footwear,Shoes,FC64,FC64BKR37,USD,26.95
Footwear,Shoes,FC64,FC64BKR38,USD,26.95
Footwear,Shoes,FC64,FC64BKR39,USD,26.95
Footwear,Shoes,FC64,FC64BKR40,USD,26.95
Footwear,Shoes,FC64,FC64BKR41,USD,26.95
Footwear,Shoes,FC64,FC64BKR42,USD,26.95
Footwear,Shoes,FC64,FC64BKR43,USD,26.95
Footwear,Shoes,FC64,FC64BKR44,USD,26.95
Footwear,Shoes,FC64,FC64BKR45,USD,26.95
Footwear,Shoes,FC64,FC64BKR46,USD,26.95
Footwear,Shoes,FC64,FC64BKR47,USD,26.95
Footwear,Shoes,FC64,FC64BKR48,USD,26.95
All Weather,Jackets,S563,S563NARL,USD,42.5
All Weather,Jackets,S563,S563NARM,USD,42.5
All Weather,Jackets,S563,S563NARS,USD,42.5
All Weather,Jackets,S563,S563NARXL,USD,42.5
All Weather,Jackets,S563,S563NARXXL,USD,42.5
HAND PROTECTION,Thermal Gloves,A145,A145OBLL,USD,2.45
HAND PROTECTION,Thermal Gloves,A145,A145OBLM,USD,2.45
HAND PROTECTION,Thermal Gloves,A145,A145OBLXL,USD,2.45
HAND PROTECTION,Thermal Gloves,A145,A145OBLXXL,USD,2.45
HAND PROTECTION,Thermal Gloves,A145,A145Y4RL,USD,2.45
HAND PROTECTION,Thermal Gloves,A145,A145Y4RM,USD,2.45
HAND PROTECTION,Thermal Gloves,A145,A145Y4RXL,USD,2.45
HAND PROTECTION,Thermal Gloves,A145,A145Y4RXXL,USD,2.45
HAND PROTECTION,Thermal Gloves,A146,A146BKRL,USD,3.6
HAND PROTECTION,Thermal Gloves,A146,A146BKRXL,USD,3.6
HAND PROTECTION,Thermal Gloves,A146,A146BKRXXL,USD,3.6
HAND PROTECTION,Thermal Gloves,A146,A146YERL,USD,3.6
HAND PROTECTION,Thermal Gloves,A146,A146YERM,USD,3.6
HAND PROTECTION,Thermal Gloves,A146,A146YERXL,USD,3.6
HAND PROTECTION,Thermal Gloves,A146,A146YERXXL,USD,3.6
All Weather,Pants,S481,S481NARL,USD,11.95
All Weather,Pants,S481,S481NARM,USD,11.95
All Weather,Pants,S481,S481NARS,USD,11.95
All Weather,Pants,S481,S481NARXL,USD,11.95
All Weather,Pants,S481,S481NARXS,USD,11.95
All Weather,Pants,S481,S481NARXXL,USD,11.95
All Weather,Pants,S481,S481NARXXXL,USD,11.95
All Weather,Pants,S481,S481BKRL,USD,11.95
All Weather,Pants,S481,S481BKRM,USD,11.95
All Weather,Pants,S481,S481BKRS,USD,11.95
All Weather,Pants,S481,S481BKRXL,USD,11.95
All Weather,Pants,S481,S481BKRXXL,USD,11.95
All Weather,Pants,S481,S481BKRXXXL,USD,11.95
Accessories,Lighting,PA54,PA54BKR,USD,9.1
Accessories,Lighting,HV05,HV05SIR,USD,2.3
Accessories,Lighting,HV05,HV05YER,USD,2.3
Accessories,Lighting,PA50,PA50SIR,USD,3.35
Flame Resistant,Flame Resistant Accessories,FR19,FR19BKR,USD,8.95
Flame Resistant,Flame Resistant Accessories,FR19,FR19NAR,USD,8.95
Accessories,PPE Accessories,PW80,PW80BKRL,USD,8.95
Accessories,PPE Accessories,PW80,PW80BKRM,USD,8.95
Accessories,PPE Accessories,PW80,PW80BKRS,USD,8.95
Accessories,PPE Accessories,PW80,PW80BKRXL,USD,8.95
Hearing Protection,Ear Plugs,EP21,EP21ORR,USD,38.75
Hearing Protection,Ear Plugs,EP20,EP20BKR,USD,78.25
HAND PROTECTION,Drivers & Riggers Gloves,A271,A271TARL,USD,6.1
HAND PROTECTION,Drivers & Riggers Gloves,A271,A271TARXL,USD,6.1
